{
  "sample_index": 25,
  "true_class": "LQ",
  "true_class_idx": 2,
  "predicted_class": "LQ",
  "predicted_class_idx": 2,
  "correct_prediction": true,
  "membrane_potentials": [
    -133.21633911132812,
    -150.44375610351562,
    -129.74371337890625
  ],
  "perturbation_analysis": {
    "description": "Analysis of how removing spikes affects model predictions",
    "baseline": {
      "predicted_class_idx": 2,
      "membrane_potentials": {
        "class_0": -133.21633911132812,
        "class_1": -150.44375610351562,
        "class_2": -129.74371337890625
      },
      "predicted_class_membrane_potential": -129.74371337890625
    },
    "k_values_tested": [
      1,
      6,
      11,
      16,
      21,
      26,
      31,
      36,
      41,
      46
    ],
    "top_k_deletions": {
      "description": "Removing the k most important spikes (highest TSA attribution)",
      "results": [
        {
          "k": 1,
          "predicted_class_idx": 2,
          "predicted_class_changed": false,
          "membrane_potentials": {
            "class_0": -135.112060546875,
            "class_1": -149.8214111328125,
            "class_2": -129.92550659179688
          },
          "original_class_membrane_potential": -129.92550659179688,
          "membrane_potential_drop": 0.181793212890625,
          "membrane_potential_drop_percentage": -0.14011716495250318
        },
        {
          "k": 6,
          "predicted_class_idx": 2,
          "predicted_class_changed": false,
          "membrane_potentials": {
            "class_0": -136.50604248046875,
            "class_1": -148.81033325195312,
            "class_2": -127.85899353027344
          },
          "original_class_membrane_potential": -127.85899353027344,
          "membrane_potential_drop": -1.8847198486328125,
          "membrane_potential_drop_percentage": 1.4526483014468974
        },
        {
          "k": 11,
          "predicted_class_idx": 2,
          "predicted_class_changed": false,
          "membrane_potentials": {
            "class_0": -138.38706970214844,
            "class_1": -147.9675750732422,
            "class_2": -127.14389038085938
          },
          "original_class_membrane_potential": -127.14389038085938,
          "membrane_potential_drop": -2.599822998046875,
          "membrane_potential_drop_percentage": 2.0038142352641763
        },
        {
          "k": 16,
          "predicted_class_idx": 2,
          "predicted_class_changed": false,
          "membrane_potentials": {
            "class_0": -139.6155548095703,
            "class_1": -147.17442321777344,
            "class_2": -125.7119369506836
          },
          "original_class_membrane_potential": -125.7119369506836,
          "membrane_potential_drop": -4.031776428222656,
          "membrane_potential_drop_percentage": 3.10749270482815
        },
        {
          "k": 21,
          "predicted_class_idx": 2,
          "predicted_class_changed": false,
          "membrane_potentials": {
            "class_0": -139.21524047851562,
            "class_1": -147.59381103515625,
            "class_2": -126.81829071044922
          },
          "original_class_membrane_potential": -126.81829071044922,
          "membrane_potential_drop": -2.9254226684570312,
          "membrane_potential_drop_percentage": 2.254770263830484
        },
        {
          "k": 26,
          "predicted_class_idx": 2,
          "predicted_class_changed": false,
          "membrane_potentials": {
            "class_0": -142.97018432617188,
            "class_1": -145.72877502441406,
            "class_2": -124.66456604003906
          },
          "original_class_membrane_potential": -124.66456604003906,
          "membrane_potential_drop": -5.0791473388671875,
          "membrane_potential_drop_percentage": 3.914754099903045
        },
        {
          "k": 31,
          "predicted_class_idx": 2,
          "predicted_class_changed": false,
          "membrane_potentials": {
            "class_0": -140.80734252929688,
            "class_1": -146.41957092285156,
            "class_2": -124.38075256347656
          },
          "original_class_membrane_potential": -124.38075256347656,
          "membrane_potential_drop": -5.3629608154296875,
          "membrane_potential_drop_percentage": 4.1335034089610065
        },
        {
          "k": 36,
          "predicted_class_idx": 2,
          "predicted_class_changed": false,
          "membrane_potentials": {
            "class_0": -144.50006103515625,
            "class_1": -144.64552307128906,
            "class_2": -122.50157165527344
          },
          "original_class_membrane_potential": -122.50157165527344,
          "membrane_potential_drop": -7.2421417236328125,
          "membrane_potential_drop_percentage": 5.581882570666611
        },
        {
          "k": 41,
          "predicted_class_idx": 2,
          "predicted_class_changed": false,
          "membrane_potentials": {
            "class_0": -146.006591796875,
            "class_1": -143.5631103515625,
            "class_2": -120.30917358398438
          },
          "original_class_membrane_potential": -120.30917358398438,
          "membrane_potential_drop": -9.434539794921875,
          "membrane_potential_drop_percentage": 7.271673940277204
        },
        {
          "k": 46,
          "predicted_class_idx": 2,
          "predicted_class_changed": false,
          "membrane_potentials": {
            "class_0": -148.08612060546875,
            "class_1": -142.92327880859375,
            "class_2": -120.6789321899414
          },
          "original_class_membrane_potential": -120.6789321899414,
          "membrane_potential_drop": -9.064781188964844,
          "membrane_potential_drop_percentage": 6.9866824009359645
        }
      ]
    },
    "random_k_deletions": {
      "description": "Removing k random spikes for comparison",
      "results": [
        {
          "k": 1,
          "predicted_class_idx": 2,
          "predicted_class_changed": false,
          "membrane_potentials": {
            "class_0": -133.14781188964844,
            "class_1": -150.38247680664062,
            "class_2": -129.40411376953125
          },
          "original_class_membrane_potential": -129.40411376953125,
          "membrane_potential_drop": -0.339599609375,
          "membrane_potential_drop_percentage": 0.26174648507494636
        },
        {
          "k": 6,
          "predicted_class_idx": 2,
          "predicted_class_changed": false,
          "membrane_potentials": {
            "class_0": -135.8505401611328,
            "class_1": -148.97642517089844,
            "class_2": -127.60096740722656
          },
          "original_class_membrane_potential": -127.60096740722656,
          "membrane_potential_drop": -2.1427459716796875,
          "membrane_potential_drop_percentage": 1.6515220012409908
        },
        {
          "k": 11,
          "predicted_class_idx": 2,
          "predicted_class_changed": false,
          "membrane_potentials": {
            "class_0": -136.66143798828125,
            "class_1": -148.5131378173828,
            "class_2": -126.8952407836914
          },
          "original_class_membrane_potential": -126.8952407836914,
          "membrane_potential_drop": -2.8484725952148438,
          "membrane_potential_drop_percentage": 2.195460975358478
        },
        {
          "k": 16,
          "predicted_class_idx": 2,
          "predicted_class_changed": false,
          "membrane_potentials": {
            "class_0": -139.68350219726562,
            "class_1": -147.0048370361328,
            "class_2": -125.1329574584961
          },
          "original_class_membrane_potential": -125.1329574584961,
          "membrane_potential_drop": -4.610755920410156,
          "membrane_potential_drop_percentage": 3.5537412953063927
        },
        {
          "k": 21,
          "predicted_class_idx": 2,
          "predicted_class_changed": false,