,MQ-3_R1 (kOhm),MQ-4_R1 (kOhm),MQ-6_R1 (kOhm),MQ-3_R2 (kOhm),MQ-4_R2 (kOhm),MQ-6_R2 (kOhm),Rel_Humidity (%),Temperature (C)
MQ-3_R1 (kOhm),1.0,0.14176158529910377,0.07497851694672754,0.9004238357861439,0.015195612887624098,0.01530778921226039,0.16507160867403897,-0.15746969437290642
MQ-4_R1 (kOhm),0.14176158529910377,1.0,0.596584273365002,0.17207027277422926,0.604741359155838,0.4522595494195215,0.2813937898527687,-0.8638363358432403
MQ-6_R1 (kOhm),0.07497851694672754,0.596584273365002,1.0,0.09576841211185504,0.8835959655903838,0.7222117916001615,0.06716782862783757,-0.48822536476166745
MQ-3_R2 (kOhm),0.9004238357861438,0.17207027277422926,0.09576841211185502,1.0,0.04090626145780456,0.08580768683048615,0.22194095025803492,-0.16495716819127687
MQ-4_R2 (kOhm),0.015195612887624096,0.6047413591558382,0.8835959655903838,0.04090626145780456,1.0,0.749746713897028,0.15004396808106393,-0.4907841340418361
MQ-6_R2 (kOhm),0.01530778921226039,0.45225954941952157,0.7222117916001614,0.08580768683048613,0.749746713897028,0.9999999999999999,0.26441055476676795,-0.3238957129334958
Rel_Humidity (%),0.16507160867403897,0.2813937898527687,0.06716782862783757,0.22194095025803492,0.15004396808106393,0.26441055476676795,1.0,-0.31156902693034855
Temperature (C),-0.1574696943729064,-0.8638363358432402,-0.4882253647616675,-0.16495716819127687,-0.4907841340418361,-0.3238957129334958,-0.3115690269303486,1.0
