{
  "sample_index": 40,
  "true_class": "AQ",
  "true_class_idx": 0,
  "predicted_class": "AQ",
  "predicted_class_idx": 0,
  "correct_prediction": true,
  "membrane_potentials": [
    -130.7393035888672,
    -162.11953735351562,
    -198.76036071777344
  ],
  "perturbation_analysis": {
    "description": "Analysis of how removing spikes affects model predictions",
    "baseline": {
      "predicted_class_idx": 0,
      "membrane_potentials": {
        "class_0": -130.7393035888672,
        "class_1": -162.11953735351562,
        "class_2": -198.76036071777344
      },
      "predicted_class_membrane_potential": -130.7393035888672
    },
    "k_values_tested": [
      1,
      6,
      11,
      16,
      21,
      26,
      31,
      36,
      41,
      46
    ],
    "top_k_deletions": {
      "description": "Removing the k most important spikes (highest TSA attribution)",
      "results": [
        {
          "k": 1,
          "predicted_class_idx": 0,
          "predicted_class_changed": false,
          "membrane_potentials": {
            "class_0": -132.968017578125,
            "class_1": -161.4208984375,
            "class_2": -199.10528564453125
          },
          "original_class_membrane_potential": -132.968017578125,
          "membrane_potential_drop": 2.2287139892578125,
          "membrane_potential_drop_percentage": -1.704700826819758
        },
        {
          "k": 6,
          "predicted_class_idx": 0,
          "predicted_class_changed": false,
          "membrane_potentials": {
            "class_0": -134.14065551757812,
            "class_1": -161.52413940429688,
            "class_2": -198.05758666992188
          },
          "original_class_membrane_potential": -134.14065551757812,
          "membrane_potential_drop": 3.4013519287109375,
          "membrane_potential_drop_percentage": -2.601629223456084
        },
        {
          "k": 11,
          "predicted_class_idx": 0,
          "predicted_class_changed": false,
          "membrane_potentials": {
            "class_0": -129.650390625,
            "class_1": -162.90101623535156,
            "class_2": -194.1397705078125
          },
          "original_class_membrane_potential": -129.650390625,
          "membrane_potential_drop": -1.0889129638671875,
          "membrane_potential_drop_percentage": 0.8328887595206003
        },
        {
          "k": 16,
          "predicted_class_idx": 0,
          "predicted_class_changed": false,
          "membrane_potentials": {
            "class_0": -129.9667510986328,
            "class_1": -162.55181884765625,
            "class_2": -193.19476318359375
          },
          "original_class_membrane_potential": -129.9667510986328,
          "membrane_potential_drop": -0.772552490234375,
          "membrane_potential_drop_percentage": 0.5909106665152528
        },
        {
          "k": 21,
          "predicted_class_idx": 0,
          "predicted_class_changed": false,
          "membrane_potentials": {
            "class_0": -132.39048767089844,
            "class_1": -161.71804809570312,
            "class_2": -193.27584838867188
          },
          "original_class_membrane_potential": -132.39048767089844,
          "membrane_potential_drop": 1.65118408203125,
          "membrane_potential_drop_percentage": -1.2629592147925843
        },
        {
          "k": 26,
          "predicted_class_idx": 0,
          "predicted_class_changed": false,
          "membrane_potentials": {
            "class_0": -129.12530517578125,
            "class_1": -162.92962646484375,
            "class_2": -190.41708374023438
          },
          "original_class_membrane_potential": -129.12530517578125,
          "membrane_potential_drop": -1.6139984130859375,
          "membrane_potential_drop_percentage": 1.234516605780187
        },
        {
          "k": 31,
          "predicted_class_idx": 0,
          "predicted_class_changed": false,
          "membrane_potentials": {
            "class_0": -128.86900329589844,
            "class_1": -162.83355712890625,
            "class_2": -189.67605590820312
          },
          "original_class_membrane_potential": -128.86900329589844,
          "membrane_potential_drop": -1.87030029296875,
          "membrane_potential_drop_percentage": 1.4305570257971079
        },
        {
          "k": 36,
          "predicted_class_idx": 0,
          "predicted_class_changed": false,
          "membrane_potentials": {
            "class_0": -130.97525024414062,
            "class_1": -162.53810119628906,
            "class_2": -191.45223999023438
          },
          "original_class_membrane_potential": -130.97525024414062,
          "membrane_potential_drop": 0.2359466552734375,
          "membrane_potential_drop_percentage": -0.1804710969054978
        },
        {
          "k": 41,
          "predicted_class_idx": 0,
          "predicted_class_changed": false,
          "membrane_potentials": {
            "class_0": -131.14385986328125,
            "class_1": -162.00430297851562,
            "class_2": -189.56646728515625
          },
          "original_class_membrane_potential": -131.14385986328125,
          "membrane_potential_drop": 0.4045562744140625,
          "membrane_potential_drop_percentage": -0.30943737905034363
        },
        {
          "k": 46,
          "predicted_class_idx": 0,
          "predicted_class_changed": false,
          "membrane_potentials": {
            "class_0": -127.93594360351562,
            "class_1": -163.56448364257812,
            "class_2": -191.2745819091797
          },
          "original_class_membrane_potential": -127.93594360351562,
          "membrane_potential_drop": -2.8033599853515625,
          "membrane_potential_drop_percentage": 2.144236590220201
        }
      ]
    },
    "random_k_deletions": {
      "description": "Removing k random spikes for comparison",
      "results": [
        {
          "k": 1,
          "predicted_class_idx": 0,
          "predicted_class_changed": false,
          "membrane_potentials": {
            "class_0": -132.86146545410156,
            "class_1": -161.45132446289062,
            "class_2": -199.07699584960938
          },
          "original_class_membrane_potential": -132.86146545410156,
          "membrane_potential_drop": 2.122161865234375,
          "membrane_potential_drop_percentage": -1.6232011391982686
        },
        {
          "k": 6,
          "predicted_class_idx": 0,
          "predicted_class_changed": false,
          "membrane_potentials": {
            "class_0": -131.1805419921875,
            "class_1": -161.7815704345703,
            "class_2": -198.03494262695312
          },
          "original_class_membrane_potential": -131.1805419921875,
          "membrane_potential_drop": 0.4412384033203125,
          "membrane_potential_drop_percentage": -0.3374948398898196
        },
        {
          "k": 11,
          "predicted_class_idx": 0,
          "predicted_class_changed": false,
          "membrane_potentials": {
            "class_0": -134.76141357421875,
            "class_1": -159.91290283203125,
            "class_2": -195.6228790283203
          },
          "original_class_membrane_potential": -134.76141357421875,
          "membrane_potential_drop": 4.0221099853515625,
          "membrane_potential_drop_percentage": -3.07643522257071
        },
        {
          "k": 16,
          "predicted_class_idx": 0,
          "predicted_class_changed": false,
          "membrane_potentials": {
            "class_0": -134.27056884765625,
            "class_1": -160.52716064453125,
            "class_2": -194.2763671875
          },
          "original_class_membrane_potential": -134.27056884765625,
          "membrane_potential_drop": 3.5312652587890625,
          "membrane_potential_drop_percentage": -2.700997452069769
        },
        {
          "k": 21,
          "predicted_class_idx": 0,
          "predicted_class_changed": false,