,MQ-3_R1 (kOhm),MQ-4_R1 (kOhm),MQ-6_R1 (kOhm),MQ-3_R2 (kOhm),MQ-4_R2 (kOhm),MQ-6_R2 (kOhm)
MQ-3_R1 (kOhm),1.0,0.14176158529910377,0.07497851694672754,0.9004238357861439,0.015195612887624098,0.01530778921226039
MQ-4_R1 (kOhm),0.14176158529910377,1.0,0.596584273365002,0.17207027277422926,0.604741359155838,0.4522595494195215
MQ-6_R1 (kOhm),0.07497851694672754,0.596584273365002,1.0,0.09576841211185504,0.8835959655903838,0.7222117916001615
MQ-3_R2 (kOhm),0.9004238357861438,0.17207027277422926,0.09576841211185502,1.0,0.04090626145780456,0.08580768683048615
MQ-4_R2 (kOhm),0.015195612887624096,0.6047413591558382,0.8835959655903838,0.04090626145780456,1.0,0.749746713897028
MQ-6_R2 (kOhm),0.01530778921226039,0.45225954941952157,0.7222117916001614,0.08580768683048613,0.749746713897028,0.9999999999999999
