,AQ,HQ,LQ
MQ-3_R1 (kOhm),0.23652315099718244,-0.05892959360440599,-0.13708909173127598
MQ-4_R1 (kOhm),0.3536363754946273,0.6145006231678934,-0.7961676972887316
MQ-6_R1 (kOhm),0.2035331352150602,0.36452542016968714,-0.46736173878092496
MQ-3_R2 (kOhm),0.2699909293294357,-0.08373222657887043,-0.14263353846511118
MQ-4_R2 (kOhm),0.23911517025528287,0.29185519197219983,-0.4342973854467852
MQ-6_R2 (kOhm),0.46870411707393406,-0.05941214150449449,-0.3199305230330664
Rel_Humidity (%),0.6073666899844359,-0.1513250269951899,-0.3520304356117296
Temperature (C),-0.34212530245888245,-0.7440813798990759,0.8961164203836697
