,MQ-3_R1 (kOhm),MQ-4_R1 (kOhm),MQ-6_R1 (kOhm),MQ-3_R2 (kOhm),MQ-4_R2 (kOhm),MQ-6_R2 (kOhm),Rel_Humidity (%),Temperature (C)
MQ-3_R1 (kOhm),1.0,0.09097000257365158,0.0669034400807138,0.49457385676047577,0.07316362454262444,0.018394028524498746,0.2683433827487453,-0.1686275087305665
MQ-4_R1 (kOhm),0.09097000257365158,1.0,0.8701097198313,0.25674425479068996,0.8255072144896628,0.27699434110293136,0.3688872453111277,-0.9149730266434042
MQ-6_R1 (kOhm),0.0669034400807138,0.8701097198312999,1.0,0.22940477178481578,0.8255709179443794,0.4694911685842566,0.3257649183381427,-0.7410243273334273
MQ-3_R2 (kOhm),0.4945738567604757,0.25674425479068996,0.22940477178481578,1.0,0.3066758671888313,0.23734757139604332,0.5475068702436175,-0.23907788229744517
MQ-4_R2 (kOhm),0.07316362454262444,0.8255072144896627,0.8255709179443795,0.3066758671888313,1.0,0.46016091854739055,0.45132097934646065,-0.7093705360458173
MQ-6_R2 (kOhm),0.018394028524498746,0.27699434110293136,0.4694911685842566,0.23734757139604334,0.46016091854739055,0.9999999999999999,0.32426390426619733,-0.1339963284236001
Rel_Humidity (%),0.2683433827487453,0.3688872453111277,0.3257649183381427,0.5475068702436175,0.4513209793464607,0.32426390426619733,1.0,-0.3967087561601617
Temperature (C),-0.1686275087305665,-0.9149730266434041,-0.7410243273334273,-0.2390778822974452,-0.7093705360458172,-0.13399632842360007,-0.39670875616016166,0.9999999999999999
