,MQ-3_R1 (kOhm),MQ-4_R1 (kOhm),MQ-6_R1 (kOhm),MQ-3_R2 (kOhm),MQ-4_R2 (kOhm),MQ-6_R2 (kOhm)
MQ-3_R1 (kOhm),1.0,0.09097000257365158,0.0669034400807138,0.49457385676047577,0.07316362454262444,0.018394028524498746
MQ-4_R1 (kOhm),0.09097000257365158,1.0,0.8701097198313,0.25674425479068996,0.8255072144896628,0.27699434110293136
MQ-6_R1 (kOhm),0.0669034400807138,0.8701097198312999,1.0,0.22940477178481578,0.8255709179443794,0.4694911685842566
MQ-3_R2 (kOhm),0.4945738567604757,0.25674425479068996,0.22940477178481578,1.0,0.3066758671888313,0.23734757139604332
MQ-4_R2 (kOhm),0.07316362454262444,0.8255072144896627,0.8255709179443795,0.3066758671888313,1.0,0.46016091854739055
MQ-6_R2 (kOhm),0.018394028524498746,0.27699434110293136,0.4694911685842566,0.23734757139604334,0.46016091854739055,0.9999999999999999
