{
  "sample_index": 16,
  "true_class": "HQ",
  "true_class_idx": 1,
  "predicted_class": "HQ",
  "predicted_class_idx": 1,
  "correct_prediction": true,
  "membrane_potentials": [
    -218.0777587890625,
    -204.89552307128906,
    -262.0528869628906
  ],
  "perturbation_analysis": {
    "description": "Analysis of how removing spikes affects model predictions",
    "baseline": {
      "predicted_class_idx": 1,
      "membrane_potentials": {
        "class_0": -218.0777587890625,
        "class_1": -204.89552307128906,
        "class_2": -262.0528869628906
      },
      "predicted_class_membrane_potential": -204.89552307128906
    },
    "k_values_tested": [
      1,
      6,
      11,
      16,
      21,
      26,
      31,
      36,
      41,
      46
    ],
    "top_k_deletions": {
      "description": "Removing the k most important spikes (highest TSA attribution)",
      "results": [
        {
          "k": 1,
          "predicted_class_idx": 1,
          "predicted_class_changed": false,
          "membrane_potentials": {
            "class_0": -213.8719482421875,
            "class_1": -207.08177185058594,
            "class_2": -266.7143249511719
          },
          "original_class_membrane_potential": -207.08177185058594,
          "membrane_potential_drop": 2.186248779296875,
          "membrane_potential_drop_percentage": -1.0670066122119302
        },
        {
          "k": 6,
          "predicted_class_idx": 1,
          "predicted_class_changed": false,
          "membrane_potentials": {
            "class_0": -216.07257080078125,
            "class_1": -206.51806640625,
            "class_2": -263.93426513671875
          },
          "original_class_membrane_potential": -206.51806640625,
          "membrane_potential_drop": 1.6225433349609375,
          "membrane_potential_drop_percentage": -0.7918881343231731
        },
        {
          "k": 11,
          "predicted_class_idx": 1,
          "predicted_class_changed": false,
          "membrane_potentials": {
            "class_0": -216.2920379638672,
            "class_1": -205.594970703125,
            "class_2": -264.16656494140625
          },
          "original_class_membrane_potential": -205.594970703125,
          "membrane_potential_drop": 0.6994476318359375,
          "membrane_potential_drop_percentage": -0.3413679427210225
        },
        {
          "k": 16,
          "predicted_class_idx": 1,
          "predicted_class_changed": false,
          "membrane_potentials": {
            "class_0": -217.86138916015625,
            "class_1": -204.73287963867188,
            "class_2": -262.45440673828125
          },
          "original_class_membrane_potential": -204.73287963867188,
          "membrane_potential_drop": -0.1626434326171875,
          "membrane_potential_drop_percentage": 0.07937871466356985
        },
        {
          "k": 21,
          "predicted_class_idx": 1,
          "predicted_class_changed": false,
          "membrane_potentials": {
            "class_0": -219.49542236328125,
            "class_1": -207.5457763671875,
            "class_2": -261.0010681152344
          },
          "original_class_membrane_potential": -207.5457763671875,
          "membrane_potential_drop": 2.6502532958984375,
          "membrane_potential_drop_percentage": -1.2934656922573842
        },
        {
          "k": 26,
          "predicted_class_idx": 1,
          "predicted_class_changed": false,
          "membrane_potentials": {
            "class_0": -221.34722900390625,
            "class_1": -206.74407958984375,
            "class_2": -258.85406494140625
          },
          "original_class_membrane_potential": -206.74407958984375,
          "membrane_potential_drop": 1.8485565185546875,
          "membrane_potential_drop_percentage": -0.9021946848060323
        },
        {
          "k": 31,
          "predicted_class_idx": 1,
          "predicted_class_changed": false,
          "membrane_potentials": {
            "class_0": -223.31219482421875,
            "class_1": -205.68527221679688,
            "class_2": -256.69818115234375
          },
          "original_class_membrane_potential": -205.68527221679688,
          "membrane_potential_drop": 0.7897491455078125,
          "membrane_potential_drop_percentage": -0.3854399225858322
        },
        {
          "k": 36,
          "predicted_class_idx": 1,
          "predicted_class_changed": false,
          "membrane_potentials": {
            "class_0": -226.92703247070312,
            "class_1": -210.57131958007812,
            "class_2": -253.73602294921875
          },
          "original_class_membrane_potential": -210.57131958007812,
          "membrane_potential_drop": 5.6757965087890625,
          "membrane_potential_drop_percentage": -2.770092983834639
        },
        {
          "k": 41,
          "predicted_class_idx": 1,
          "predicted_class_changed": false,
          "membrane_potentials": {
            "class_0": -226.8966064453125,
            "class_1": -207.10581970214844,
            "class_2": -253.3056640625
          },
          "original_class_membrane_potential": -207.10581970214844,
          "membrane_potential_drop": 2.210296630859375,
          "membrane_potential_drop_percentage": -1.078743253014049
        },
        {
          "k": 46,
          "predicted_class_idx": 1,
          "predicted_class_changed": false,
          "membrane_potentials": {
            "class_0": -230.40585327148438,
            "class_1": -208.9944610595703,
            "class_2": -249.7442626953125
          },
          "original_class_membrane_potential": -208.9944610595703,
          "membrane_potential_drop": 4.09893798828125,
          "membrane_potential_drop_percentage": -2.000501488192649
        }
      ]
    },
    "random_k_deletions": {
      "description": "Removing k random spikes for comparison",
      "results": [
        {
          "k": 1,
          "predicted_class_idx": 1,
          "predicted_class_changed": false,
          "membrane_potentials": {
            "class_0": -210.8739013671875,
            "class_1": -205.24853515625,
            "class_2": -269.5204162597656
          },
          "original_class_membrane_potential": -205.24853515625,
          "membrane_potential_drop": 0.3530120849609375,
          "membrane_potential_drop_percentage": -0.17228882294227307
        },
        {
          "k": 6,
          "predicted_class_idx": 1,
          "predicted_class_changed": false,
          "membrane_potentials": {
            "class_0": -212.62075805664062,
            "class_1": -204.4514617919922,
            "class_2": -267.51910400390625
          },
          "original_class_membrane_potential": -204.4514617919922,
          "membrane_potential_drop": -0.444061279296875,
          "membrane_potential_drop_percentage": 0.216725711055372
        },
        {
          "k": 11,
          "predicted_class_idx": 1,
          "predicted_class_changed": false,
          "membrane_potentials": {
            "class_0": -214.75982666015625,
            "class_1": -206.36404418945312,
            "class_2": -265.880859375
          },
          "original_class_membrane_potential": -206.36404418945312,
          "membrane_potential_drop": 1.4685211181640625,
          "membrane_potential_drop_percentage": -0.7167170351755913
        },
        {
          "k": 16,
          "predicted_class_idx": 1,
          "predicted_class_changed": false,
          "membrane_potentials": {
            "class_0": -215.48751831054688,
            "class_1": -206.15194702148438,
            "class_2": -264.9766540527344
          },
          "original_class_membrane_potential": -206.15194702148438,
          "membrane_potential_drop": 1.2564239501953125,
          "membrane_potential_drop_percentage": -0.6132022463751765
        },
        {
          "k": 21,
          "predicted_class_idx": 1,
          "predicted_class_changed": false,