{
  "sample_index": 33,
  "true_class": "HQ",
  "true_class_idx": 1,
  "predicted_class": "HQ",
  "predicted_class_idx": 1,
  "correct_prediction": true,
  "membrane_potentials": [
    -253.6826934814453,
    -109.99909973144531,
    -139.06216430664062
  ],
  "perturbation_analysis": {
    "description": "Analysis of how removing spikes affects model predictions",
    "baseline": {
      "predicted_class_idx": 1,
      "membrane_potentials": {
        "class_0": -253.6826934814453,
        "class_1": -109.99909973144531,
        "class_2": -139.06216430664062
      },
      "predicted_class_membrane_potential": -109.99909973144531
    },
    "k_values_tested": [
      1,
      6,
      11,
      16,
      21,
      26,
      31,
      36,
      41,
      46
    ],
    "top_k_deletions": {
      "description": "Removing the k most important spikes (highest TSA attribution)",
      "results": [
        {
          "k": 1,
          "predicted_class_idx": 1,
          "predicted_class_changed": false,
          "membrane_potentials": {
            "class_0": -253.71270751953125,
            "class_1": -109.97669982910156,
            "class_2": -139.01516723632812
          },
          "original_class_membrane_potential": -109.97669982910156,
          "membrane_potential_drop": -0.02239990234375,
          "membrane_potential_drop_percentage": 0.02036371424715085
        },
        {
          "k": 6,
          "predicted_class_idx": 1,
          "predicted_class_changed": false,
          "membrane_potentials": {
            "class_0": -253.524658203125,
            "class_1": -110.11700439453125,
            "class_2": -139.30947875976562
          },
          "original_class_membrane_potential": -110.11700439453125,
          "membrane_potential_drop": 0.1179046630859375,
          "membrane_potential_drop_percentage": -0.10718693459654946
        },
        {
          "k": 11,
          "predicted_class_idx": 1,
          "predicted_class_changed": false,
          "membrane_potentials": {
            "class_0": -254.1179962158203,
            "class_1": -109.67434692382812,
            "class_2": -138.3809814453125
          },
          "original_class_membrane_potential": -109.67434692382812,
          "membrane_potential_drop": -0.3247528076171875,
          "membrane_potential_drop_percentage": 0.2952322413638362
        },
        {
          "k": 16,
          "predicted_class_idx": 1,
          "predicted_class_changed": false,
          "membrane_potentials": {
            "class_0": -253.66781616210938,
            "class_1": -110.01019287109375,
            "class_2": -139.08544921875
          },
          "original_class_membrane_potential": -110.01019287109375,
          "membrane_potential_drop": 0.0110931396484375,
          "membrane_potential_drop_percentage": -0.010084754943922797
        },
        {
          "k": 21,
          "predicted_class_idx": 1,
          "predicted_class_changed": false,
          "membrane_potentials": {
            "class_0": -254.6296844482422,
            "class_1": -110.82071685791016,
            "class_2": -142.77691650390625
          },
          "original_class_membrane_potential": -110.82071685791016,
          "membrane_potential_drop": 0.8216171264648438,
          "membrane_potential_drop_percentage": -0.7469307734979298
        },
        {
          "k": 26,
          "predicted_class_idx": 1,
          "predicted_class_changed": false,
          "membrane_potentials": {
            "class_0": -254.57421875,
            "class_1": -109.33396911621094,
            "class_2": -137.66705322265625
          },
          "original_class_membrane_potential": -109.33396911621094,
          "membrane_potential_drop": -0.665130615234375,
          "membrane_potential_drop_percentage": 0.6046691444368566
        },
        {
          "k": 31,
          "predicted_class_idx": 1,
          "predicted_class_changed": false,
          "membrane_potentials": {
            "class_0": -254.6295166015625,
            "class_1": -109.29271697998047,
            "class_2": -137.58053588867188
          },
          "original_class_membrane_potential": -109.29271697998047,
          "membrane_potential_drop": -0.7063827514648438,
          "membrane_potential_drop_percentage": 0.642171393392696
        },
        {
          "k": 36,
          "predicted_class_idx": 1,
          "predicted_class_changed": false,
          "membrane_potentials": {
            "class_0": -254.17782592773438,
            "class_1": -109.62969970703125,
            "class_2": -138.287353515625
          },
          "original_class_membrane_potential": -109.62969970703125,
          "membrane_potential_drop": -0.3694000244140625,
          "membrane_potential_drop_percentage": 0.33582095245863414
        },
        {
          "k": 41,
          "predicted_class_idx": 1,
          "predicted_class_changed": false,
          "membrane_potentials": {
            "class_0": -255.06039428710938,
            "class_1": -108.97126770019531,
            "class_2": -136.90625
          },
          "original_class_membrane_potential": -108.97126770019531,
          "membrane_potential_drop": -1.02783203125,
          "membrane_potential_drop_percentage": 0.934400403057276
        },
        {
          "k": 46,
          "predicted_class_idx": 1,
          "predicted_class_changed": false,
          "membrane_potentials": {
            "class_0": -256.01361083984375,
            "class_1": -108.26011657714844,
            "class_2": -135.41461181640625
          },
          "original_class_membrane_potential": -108.26011657714844,
          "membrane_potential_drop": -1.738983154296875,
          "membrane_potential_drop_percentage": 1.5809067151844642
        }
      ]
    },
    "random_k_deletions": {
      "description": "Removing k random spikes for comparison",
      "results": [
        {
          "k": 1,
          "predicted_class_idx": 1,
          "predicted_class_changed": false,
          "membrane_potentials": {
            "class_0": -253.1812744140625,
            "class_1": -110.37319946289062,
            "class_2": -139.8468475341797
          },
          "original_class_membrane_potential": -110.37319946289062,
          "membrane_potential_drop": 0.3740997314453125,
          "membrane_potential_drop_percentage": -0.3400934483633497
        },
        {
          "k": 6,
          "predicted_class_idx": 1,
          "predicted_class_changed": false,
          "membrane_potentials": {
            "class_0": -254.9197235107422,
            "class_1": -109.07620239257812,
            "class_2": -137.12637329101562
          },
          "original_class_membrane_potential": -109.07620239257812,
          "membrane_potential_drop": -0.9228973388671875,
          "membrane_potential_drop_percentage": 0.8390044474185455
        },
        {
          "k": 11,
          "predicted_class_idx": 1,
          "predicted_class_changed": false,
          "membrane_potentials": {
            "class_0": -252.2020263671875,
            "class_1": -109.56682586669922,
            "class_2": -136.15261840820312
          },
          "original_class_membrane_potential": -109.56682586669922,
          "membrane_potential_drop": -0.43227386474609375,
          "membrane_potential_drop_percentage": 0.3929794569241553
        },
        {
          "k": 16,
          "predicted_class_idx": 1,
          "predicted_class_changed": false,
          "membrane_potentials": {
            "class_0": -252.84959411621094,
            "class_1": -109.08370971679688,
            "class_2": -135.13926696777344
          },
          "original_class_membrane_potential": -109.08370971679688,
          "membrane_potential_drop": -0.9153900146484375,
          "membrane_potential_drop_percentage": 0.8321795513629608
        },
        {
          "k": 21,
          "predicted_class_idx": 1,
          "predicted_class_changed": false,