{
  "sample_index": 0,
  "true_class": "AQ",
  "true_class_idx": 0,
  "predicted_class": "AQ",
  "predicted_class_idx": 0,
  "correct_prediction": true,
  "membrane_potentials": [
    -141.71665954589844,
    -161.96604919433594,
    -348.6190185546875
  ],
  "perturbation_analysis": {
    "description": "Analysis of how removing spikes affects model predictions",
    "baseline": {
      "predicted_class_idx": 0,
      "membrane_potentials": {
        "class_0": -141.71665954589844,
        "class_1": -161.96604919433594,
        "class_2": -348.6190185546875
      },
      "predicted_class_membrane_potential": -141.71665954589844
    },
    "k_values_tested": [
      1,
      6,
      11,
      16,
      21,
      26,
      31,
      36,
      41,
      46
    ],
    "top_k_deletions": {
      "description": "Removing the k most important spikes (highest TSA attribution)",
      "results": [
        {
          "k": 1,
          "predicted_class_idx": 0,
          "predicted_class_changed": false,
          "membrane_potentials": {
            "class_0": -143.77793884277344,
            "class_1": -165.345458984375,
            "class_2": -347.0289306640625
          },
          "original_class_membrane_potential": -143.77793884277344,
          "membrane_potential_drop": 2.061279296875,
          "membrane_potential_drop_percentage": -1.4545073977046459
        },
        {
          "k": 6,
          "predicted_class_idx": 0,
          "predicted_class_changed": false,
          "membrane_potentials": {
            "class_0": -144.30267333984375,
            "class_1": -164.78976440429688,
            "class_2": -345.904541015625
          },
          "original_class_membrane_potential": -144.30267333984375,
          "membrane_potential_drop": 2.5860137939453125,
          "membrane_potential_drop_percentage": -1.8247775541927505
        },
        {
          "k": 11,
          "predicted_class_idx": 0,
          "predicted_class_changed": false,
          "membrane_potentials": {
            "class_0": -147.32630920410156,
            "class_1": -161.88819885253906,
            "class_2": -342.4359130859375
          },
          "original_class_membrane_potential": -147.32630920410156,
          "membrane_potential_drop": 5.609649658203125,
          "membrane_potential_drop_percentage": -3.9583558321075873
        },
        {
          "k": 16,
          "predicted_class_idx": 0,
          "predicted_class_changed": false,
          "membrane_potentials": {
            "class_0": -144.71360778808594,
            "class_1": -160.359130859375,
            "class_2": -345.2943420410156
          },
          "original_class_membrane_potential": -144.71360778808594,
          "membrane_potential_drop": 2.9969482421875,
          "membrane_potential_drop_percentage": -2.1147466019807393
        },
        {
          "k": 21,
          "predicted_class_idx": 0,
          "predicted_class_changed": false,
          "membrane_potentials": {
            "class_0": -156.29745483398438,
            "class_1": -165.3150634765625,
            "class_2": -333.94622802734375
          },
          "original_class_membrane_potential": -156.29745483398438,
          "membrane_potential_drop": 14.580795288085938,
          "membrane_potential_drop_percentage": -10.288695298638187
        },
        {
          "k": 26,
          "predicted_class_idx": 0,
          "predicted_class_changed": false,
          "membrane_potentials": {
            "class_0": -155.8516845703125,
            "class_1": -162.90924072265625,
            "class_2": -334.16033935546875
          },
          "original_class_membrane_potential": -155.8516845703125,
          "membrane_potential_drop": 14.135025024414062,
          "membrane_potential_drop_percentage": -9.974144938009978
        },
        {
          "k": 31,
          "predicted_class_idx": 0,
          "predicted_class_changed": false,
          "membrane_potentials": {
            "class_0": -159.778564453125,
            "class_1": -162.69293212890625,
            "class_2": -329.9439697265625
          },
          "original_class_membrane_potential": -159.778564453125,
          "membrane_potential_drop": 18.061904907226562,
          "membrane_potential_drop_percentage": -12.74508231078984
        },
        {
          "k": 36,
          "predicted_class_idx": 0,
          "predicted_class_changed": false,
          "membrane_potentials": {
            "class_0": -160.24000549316406,
            "class_1": -163.35076904296875,
            "class_2": -329.1133728027344
          },
          "original_class_membrane_potential": -160.24000549316406,
          "membrane_potential_drop": 18.523345947265625,
          "membrane_potential_drop_percentage": -13.07069049370754
        },
        {
          "k": 41,
          "predicted_class_idx": 0,
          "predicted_class_changed": false,
          "membrane_potentials": {
            "class_0": -167.12857055664062,
            "class_1": -168.18284606933594,
            "class_2": -322.86065673828125
          },
          "original_class_membrane_potential": -167.12857055664062,
          "membrane_potential_drop": 25.411911010742188,
          "membrane_potential_drop_percentage": -17.93149167653921
        },
        {
          "k": 46,
          "predicted_class_idx": 0,
          "predicted_class_changed": false,
          "membrane_potentials": {
            "class_0": -164.5542755126953,
            "class_1": -165.02780151367188,
            "class_2": -324.96685791015625
          },
          "original_class_membrane_potential": -164.5542755126953,
          "membrane_potential_drop": 22.837615966796875,
          "membrane_potential_drop_percentage": -16.114983263065376
        }
      ]
    },
    "random_k_deletions": {
      "description": "Removing k random spikes for comparison",
      "results": [
        {
          "k": 1,
          "predicted_class_idx": 0,
          "predicted_class_changed": false,
          "membrane_potentials": {
            "class_0": -142.81268310546875,
            "class_1": -163.2884521484375,
            "class_2": -347.50152587890625
          },
          "original_class_membrane_potential": -142.81268310546875,
          "membrane_potential_drop": 1.0960235595703125,
          "membrane_potential_drop_percentage": -0.7733907665353474
        },
        {
          "k": 6,
          "predicted_class_idx": 0,
          "predicted_class_changed": false,
          "membrane_potentials": {
            "class_0": -143.53741455078125,
            "class_1": -165.43255615234375,
            "class_2": -346.28948974609375
          },
          "original_class_membrane_potential": -143.53741455078125,
          "membrane_potential_drop": 1.8207550048828125,
          "membrane_potential_drop_percentage": -1.2847854378709203
        },
        {
          "k": 11,
          "predicted_class_idx": 0,
          "predicted_class_changed": false,
          "membrane_potentials": {
            "class_0": -145.26495361328125,
            "class_1": -164.38694763183594,
            "class_2": -344.4245300292969
          },
          "original_class_membrane_potential": -145.26495361328125,
          "membrane_potential_drop": 3.5482940673828125,
          "membrane_potential_drop_percentage": -2.5037945988513863
        },
        {
          "k": 16,
          "predicted_class_idx": 0,
          "predicted_class_changed": false,
          "membrane_potentials": {
            "class_0": -146.79824829101562,
            "class_1": -162.25018310546875,
            "class_2": -343.4210205078125
          },
          "original_class_membrane_potential": -146.79824829101562,
          "membrane_potential_drop": 5.0815887451171875,
          "membrane_potential_drop_percentage": -3.585738445571665
        },
        {
          "k": 21,
          "predicted_class_idx": 0,
          "predicted_class_changed": false,